site,recording,start_s,end_s,scientific_name,common_name,confidence
14_01,20200624_062500,15,18,Colaptes auratus,Northern Flicker,0.10308349
14_01,20200626_050500,18,21,Colaptes auratus,Northern Flicker,0.12101108
14_01,20200714_064000,9,12,Colaptes auratus,Northern Flicker,0.11184773
14_01,20200801_060500,30,33,Colaptes auratus,Northern Flicker,0.17138594
14_01,20200801_060500,33,36,Colaptes auratus,Northern Flicker,0.10478936
14_01,20200805_065000,6,9,Colaptes auratus,Northern Flicker,0.105659336
14_01,20200807_060000,0,3,Colaptes auratus,Northern Flicker,0.11003049
14_01,20200810_061000,15,18,Colaptes auratus,Northern Flicker,0.1458029
14_01,20200813_063000,30,33,Colaptes auratus,Northern Flicker,0.14816912
14_13,20200613_060500,15,18,Colaptes auratus,Northern Flicker,0.22038698
14_13,20200613_060500,18,21,Colaptes auratus,Northern Flicker,0.10613873
14_13,20200615_060000,21,24,Colaptes auratus,Northern Flicker,0.17039113
14_13,20200629_054000,48,51,Colaptes auratus,Northern Flicker,0.11834825
14_13,20200703_063000,15,18,Colaptes auratus,Northern Flicker,0.10106185
14_13,20200712_053000,36,39,Colaptes auratus,Northern Flicker,0.92410517
14_13,20200712_053000,42,45,Colaptes auratus,Northern Flicker,0.58307695
14_13,20200712_053000,45,48,Colaptes auratus,Northern Flicker,0.68932873
14_13,20200712_053000,48,51,Colaptes auratus,Northern Flicker,0.7918835
14_13,20200712_053000,51,54,Colaptes auratus,Northern Flicker,0.80687296
14_13,20200712_053000,54,57,Colaptes auratus,Northern Flicker,0.9061101
14_13,20200712_053000,57,60,Colaptes auratus,Northern Flicker,0.6829671
14_13,20200731_055500,36,39,Colaptes auratus,Northern Flicker,0.10336555
14_13,20200731_061000,6,9,Colaptes auratus,Northern Flicker,0.105663754
14_13,20200802_050000,57,60,Colaptes auratus,Northern Flicker,0.1575416
14_13,20200811_061000,48,51,Colaptes auratus,Northern Flicker,0.13026026
14_13,20200816_061000,12,15,Colaptes auratus,Northern Flicker,0.12833473
14_13,20200816_061000,18,21,Colaptes auratus,Northern Flicker,0.11371231
14_13,20200816_061000,24,27,Colaptes auratus,Northern Flicker,0.10264653
14_13,20200818_061000,33,36,Colaptes auratus,Northern Flicker,0.14359862
14_13,20200818_061000,39,42,Colaptes auratus,Northern Flicker,0.12062303
14_13,20200819_064000,54,57,Colaptes auratus,Northern Flicker,0.104121804
14_13,20200819_064500,36,39,Colaptes auratus,Northern Flicker,0.10901562
14_13,20200823_063500,33,36,Colaptes auratus,Northern Flicker,0.12516195
14_13,20200828_063000,12,15,Colaptes auratus,Northern Flicker,0.11217241
14_13,20200828_065500,54,57,Colaptes auratus,Northern Flicker,0.1401208
14_13,20200829_061000,15,18,Colaptes auratus,Northern Flicker,0.17932747
14_13,20200829_063500,57,60,Colaptes auratus,Northern Flicker,0.12945876
14_13,20200901_065500,12,15,Colaptes auratus,Northern Flicker,0.110469684
14_13,20200903_064000,6,9,Colaptes auratus,Northern Flicker,0.1177077
14_13,20200907_064000,48,51,Colaptes auratus,Northern Flicker,0.112747625
14_13,20200907_064000,54,57,Colaptes auratus,Northern Flicker,0.49462765
14_13,20200907_064000,57,60,Colaptes auratus,Northern Flicker,0.32769868
14_13,20200907_065500,6,9,Colaptes auratus,Northern Flicker,0.10542175
14_13,20200908_062500,6,9,Colaptes auratus,Northern Flicker,0.1063417
14_13,20200908_063500,0,3,Colaptes auratus,Northern Flicker,0.110812895
14_13,20200908_063500,39,42,Colaptes auratus,Northern Flicker,0.18843442
14_13,20200908_063500,51,54,Colaptes auratus,Northern Flicker,0.30375534
14_13,20200908_063500,57,60,Colaptes auratus,Northern Flicker,0.21209584
14_13,20200910_064500,6,9,Colaptes auratus,Northern Flicker,0.11197365
14_13,20200911_065000,12,15,Colaptes auratus,Northern Flicker,0.115381196
14_13,20200911_065500,21,24,Colaptes auratus,Northern Flicker,0.106689274
14_13,20200912_064000,15,18,Colaptes auratus,Northern Flicker,0.10040129
14_13,20200913_065500,12,15,Colaptes auratus,Northern Flicker,0.12305142
14_13,20200915_065500,0,3,Colaptes auratus,Northern Flicker,0.23157372
14_13,20200915_065500,24,27,Colaptes auratus,Northern Flicker,0.10242916
14_14,20200621_055000,0,3,Colaptes auratus,Northern Flicker,0.14542107
14_14,20200621_055000,3,6,Colaptes auratus,Northern Flicker,0.15687068
14_14,20200621_055000,24,27,Colaptes auratus,Northern Flicker,0.22779642
14_14,20200621_055000,57,60,Colaptes auratus,Northern Flicker,0.20699066
14_14,20200621_055500,51,54,Colaptes auratus,Northern Flicker,0.11916116
14_14,20200629_051500,27,30,Colaptes auratus,Northern Flicker,0.113886796
14_14,20200629_051500,33,36,Colaptes auratus,Northern Flicker,0.11385039
14_14,20200817_064500,21,24,Colaptes auratus,Northern Flicker,0.105561964
14_14,20200906_064500,21,24,Colaptes auratus,Northern Flicker,0.118211664
14_16,20200610_061000,21,24,Colaptes auratus,Northern Flicker,0.17797394
14_16,20200616_063000,21,24,Colaptes auratus,Northern Flicker,0.9589468
14_16,20200616_063000,39,42,Colaptes auratus,Northern Flicker,0.8898389
14_16,20200616_063000,42,45,Colaptes auratus,Northern Flicker,0.5638663
14_16,20200616_063000,45,48,Colaptes auratus,Northern Flicker,0.6635447
14_16,20200616_063000,48,51,Colaptes auratus,Northern Flicker,0.7512511
14_16,20200616_064000,21,24,Colaptes auratus,Northern Flicker,0.9593889
14_16,20200616_064000,24,27,Colaptes auratus,Northern Flicker,0.75705445
14_16,20200622_050500,12,15,Colaptes auratus,Northern Flicker,0.14761402
14_16,20200622_050500,27,30,Colaptes auratus,Northern Flicker,0.442948
14_16,20200622_050500,48,51,Colaptes auratus,Northern Flicker,0.2605195
14_16,20200622_050500,51,54,Colaptes auratus,Northern Flicker,0.59611696
14_16,20200622_063000,30,33,Colaptes auratus,Northern Flicker,0.78481257
14_16,20200626_055500,57,60,Colaptes auratus,Northern Flicker,0.24129045
14_16,20200626_062500,36,39,Colaptes auratus,Northern Flicker,0.36696413
14_16,20200628_053000,9,12,Colaptes auratus,Northern Flicker,0.25494412
14_16,20200628_053000,27,30,Colaptes auratus,Northern Flicker,0.8211083
14_16,20200628_053000,57,60,Colaptes auratus,Northern Flicker,0.49592835
14_16,20200629_062000,0,3,Colaptes auratus,Northern Flicker,0.6515751
14_16,20200629_062000,18,21,Colaptes auratus,Northern Flicker,0.43202266
14_16,20200629_062000,21,24,Colaptes auratus,Northern Flicker,0.8838498
14_16,20200702_065500,57,60,Colaptes auratus,Northern Flicker,0.2904336
14_16,20200704_054500,54,57,Colaptes auratus,Northern Flicker,0.6837123
14_16,20200708_055500,0,3,Colaptes auratus,Northern Flicker,0.12661903
14_16,20200708_055500,3,6,Colaptes auratus,Northern Flicker,0.49930507
14_16,20200708_055500,6,9,Colaptes auratus,Northern Flicker,0.22607744
14_16,20200708_055500,12,15,Colaptes auratus,Northern Flicker,0.32368705
14_16,20200708_055500,39,42,Colaptes auratus,Northern Flicker,0.36190596
14_16,20200708_055500,42,45,Colaptes auratus,Northern Flicker,0.23303266
14_16,20200708_055500,48,51,Colaptes auratus,Northern Flicker,0.7401657
14_16,20200708_055500,57,60,Colaptes auratus,Northern Flicker,0.46314406
14_16,20200709_065500,9,12,Colaptes auratus,Northern Flicker,0.7049964
14_16,20200709_065500,54,57,Colaptes auratus,Northern Flicker,0.5368361
14_16,20200709_065500,57,60,Colaptes auratus,Northern Flicker,0.38617814
14_16,20200715_055000,57,60,Colaptes auratus,Northern Flicker,0.1383718
14_16,20200719_055000,54,57,Colaptes auratus,Northern Flicker,0.9554676
14_16,20200719_055000,57,60,Colaptes auratus,Northern Flicker,0.98400927
14_16,20200719_055500,0,3,Colaptes auratus,Northern Flicker,0.13463128
14_16,20200719_055500,3,6,Colaptes auratus,Northern Flicker,0.2387589
14_16,20200719_060000,51,54,Colaptes auratus,Northern Flicker,0.15648803
14_16,20200720_064500,6,9,Colaptes auratus,Northern Flicker,0.33156577
14_16,20200720_064500,9,12,Colaptes auratus,Northern Flicker,0.44971192
14_16,20200720_064500,21,24,Colaptes auratus,Northern Flicker,0.33340648
14_16,20200720_064500,24,27,Colaptes auratus,Northern Flicker,0.665031
14_16,20200720_064500,27,30,Colaptes auratus,Northern Flicker,0.37950778
14_16,20200720_064500,42,45,Colaptes auratus,Northern Flicker,0.2978261
14_18,20200623_051000,24,27,Colaptes auratus,Northern Flicker,0.1845489
14_18,20200630_043500,42,45,Colaptes auratus,Northern Flicker,0.118132174
14_20,20200618_051500,3,6,Colaptes auratus,Northern Flicker,0.1741329
14_20,20200717_050000,51,54,Colaptes auratus,Northern Flicker,0.18962018
14_20,20200717_052000,27,30,Colaptes auratus,Northern Flicker,0.10933672
14_20,20200718_050000,30,33,Colaptes auratus,Northern Flicker,0.11377733
14_20,20200720_053000,51,54,Colaptes auratus,Northern Flicker,0.110124245
14_20,20200722_045500,27,30,Colaptes auratus,Northern Flicker,0.102895044
14_20,20200727_050000,3,6,Colaptes auratus,Northern Flicker,0.13971491
14_20,20200805_052000,3,6,Colaptes auratus,Northern Flicker,0.13948864
14_20,20200807_062000,33,36,Colaptes auratus,Northern Flicker,0.14413321
14_20,20200816_055500,36,39,Colaptes auratus,Northern Flicker,0.21815147
14_20,20200817_064500,33,36,Colaptes auratus,Northern Flicker,0.105608255
14_20,20200818_063500,30,33,Colaptes auratus,Northern Flicker,0.10723869
14_26,20200723_064500,0,3,Colaptes auratus,Northern Flicker,0.60042465
14_26,20200723_064500,3,6,Colaptes auratus,Northern Flicker,0.6684205
14_26,20200723_064500,6,9,Colaptes auratus,Northern Flicker,0.65712714
14_26,20200723_064500,9,12,Colaptes auratus,Northern Flicker,0.9107199
14_30,20200713_064000,48,51,Colaptes auratus,Northern Flicker,0.11090006
14_33,20200605_061500,12,15,Colaptes auratus,Northern Flicker,0.10351811
14_33,20200607_062000,24,27,Colaptes auratus,Northern Flicker,0.3640068
14_33,20200607_062000,27,30,Colaptes auratus,Northern Flicker,0.110999994
14_33,20200607_062000,36,39,Colaptes auratus,Northern Flicker,0.124636
14_33,20200607_062000,57,60,Colaptes auratus,Northern Flicker,0.10307772
14_33,20200608_065500,45,48,Colaptes auratus,Northern Flicker,0.13231197
14_33,20200609_060000,18,21,Colaptes auratus,Northern Flicker,0.102720015
14_33,20200609_060000,51,54,Colaptes auratus,Northern Flicker,0.105614804
14_33,20200611_055500,15,18,Colaptes auratus,Northern Flicker,0.124756426
14_33,20200613_065500,27,30,Colaptes auratus,Northern Flicker,0.123047836
14_33,20200616_055000,0,3,Colaptes auratus,Northern Flicker,0.10248619
14_33,20200616_055000,33,36,Colaptes auratus,Northern Flicker,0.12622102
14_33,20200616_061500,48,51,Colaptes auratus,Northern Flicker,0.10533338
14_33,20200619_055500,3,6,Colaptes auratus,Northern Flicker,0.212455
14_33,20200619_055500,6,9,Colaptes auratus,Northern Flicker,0.13647933
14_33,20200619_064000,24,27,Colaptes auratus,Northern Flicker,0.13308202
14_33,20200621_065500,6,9,Colaptes auratus,Northern Flicker,0.19981268
14_33,20200624_052500,15,18,Colaptes auratus,Northern Flicker,0.10741818
14_33,20200625_060000,57,60,Colaptes auratus,Northern Flicker,0.17217885
14_33,20200626_065000,0,3,Colaptes auratus,Northern Flicker,0.18314655
14_33,20200626_065000,6,9,Colaptes auratus,Northern Flicker,0.46733594
14_33,20200627_055000,3,6,Colaptes auratus,Northern Flicker,0.11853182
14_33,20200627_055000,15,18,Colaptes auratus,Northern Flicker,0.111049004
14_33,20200627_055000,39,42,Colaptes auratus,Northern Flicker,0.16356456
14_33,20200627_055500,45,48,Colaptes auratus,Northern Flicker,0.17266583
14_33,20200627_055500,57,60,Colaptes auratus,Northern Flicker,0.103761956
14_33,20200628_050000,33,36,Colaptes auratus,Northern Flicker,0.10089123
14_33,20200628_051500,15,18,Colaptes auratus,Northern Flicker,0.11077438
14_33,20200628_052500,27,30,Colaptes auratus,Northern Flicker,0.1234979
14_33,20200628_052500,42,45,Colaptes auratus,Northern Flicker,0.10346755
14_33,20200628_060500,3,6,Colaptes auratus,Northern Flicker,0.11193591
14_33,20200628_060500,6,9,Colaptes auratus,Northern Flicker,0.31783524
14_33,20200628_060500,27,30,Colaptes auratus,Northern Flicker,0.13681118
14_33,20200628_060500,36,39,Colaptes auratus,Northern Flicker,0.18315288
14_33,20200628_060500,39,42,Colaptes auratus,Northern Flicker,0.11925334
14_33,20200628_061500,18,21,Colaptes auratus,Northern Flicker,0.14372152
14_33,20200628_064500,6,9,Colaptes auratus,Northern Flicker,0.15674353
14_33,20200628_064500,48,51,Colaptes auratus,Northern Flicker,0.11276895
14_33,20200629_050000,3,6,Colaptes auratus,Northern Flicker,0.16842508
14_33,20200629_050000,18,21,Colaptes auratus,Northern Flicker,0.13764073
14_33,20200629_051000,18,21,Colaptes auratus,Northern Flicker,0.14478348
14_33,20200629_052000,51,54,Colaptes auratus,Northern Flicker,0.10609391
14_33,20200629_055500,6,9,Colaptes auratus,Northern Flicker,0.18087825
14_33,20200629_055500,21,24,Colaptes auratus,Northern Flicker,0.1102064
14_33,20200629_060500,18,21,Colaptes auratus,Northern Flicker,0.13440016
14_33,20200629_060500,30,33,Colaptes auratus,Northern Flicker,0.18188669
14_33,20200629_060500,33,36,Colaptes auratus,Northern Flicker,0.10847448
14_33,20200629_061000,39,42,Colaptes auratus,Northern Flicker,0.19028637
14_33,20200629_061000,51,54,Colaptes auratus,Northern Flicker,0.10535571
14_33,20200629_062500,6,9,Colaptes auratus,Northern Flicker,0.20457633
14_33,20200629_062500,15,18,Colaptes auratus,Northern Flicker,0.12636976
14_33,20200629_062500,18,21,Colaptes auratus,Northern Flicker,0.21025501
14_33,20200630_045500,3,6,Colaptes auratus,Northern Flicker,0.10626825
14_33,20200630_045500,24,27,Colaptes auratus,Northern Flicker,0.14477807
14_33,20200630_045500,39,42,Colaptes auratus,Northern Flicker,0.18840365
14_33,20200630_050000,6,9,Colaptes auratus,Northern Flicker,0.13599522
14_33,20200630_050000,48,51,Colaptes auratus,Northern Flicker,0.119728364
14_33,20200630_050000,51,54,Colaptes auratus,Northern Flicker,0.10081454
14_33,20200630_060500,57,60,Colaptes auratus,Northern Flicker,0.19946323
14_33,20200630_063000,15,18,Colaptes auratus,Northern Flicker,0.12566216
14_33,20200630_064000,30,33,Colaptes auratus,Northern Flicker,0.11555714
14_33,20200630_064500,30,33,Colaptes auratus,Northern Flicker,0.13123038
14_33,20200630_065000,48,51,Colaptes auratus,Northern Flicker,0.34136912
14_33,20200630_065000,54,57,Colaptes auratus,Northern Flicker,0.123934165
14_33,20200630_065000,57,60,Colaptes auratus,Northern Flicker,0.12111573
14_33,20200630_065500,24,27,Colaptes auratus,Northern Flicker,0.10268329
14_33,20200630_065500,54,57,Colaptes auratus,Northern Flicker,0.10333687
14_33,20200701_065500,42,45,Colaptes auratus,Northern Flicker,0.10313089
14_33,20200701_065500,45,48,Colaptes auratus,Northern Flicker,0.16469483
14_33,20200701_065500,54,57,Colaptes auratus,Northern Flicker,0.10497573
14_33,20200703_062000,6,9,Colaptes auratus,Northern Flicker,0.43790904
14_33,20200703_062000,27,30,Colaptes auratus,Northern Flicker,0.20666029
14_33,20200703_062500,33,36,Colaptes auratus,Northern Flicker,0.100694336
14_33,20200704_042000,0,3,Colaptes auratus,Northern Flicker,0.1528236
14_33,20200704_042000,27,30,Colaptes auratus,Northern Flicker,0.19667563
14_33,20200704_044500,36,39,Colaptes auratus,Northern Flicker,0.15014787
14_33,20200704_050000,30,33,Colaptes auratus,Northern Flicker,0.1332027
14_33,20200704_050000,48,51,Colaptes auratus,Northern Flicker,0.10170786
14_33,20200704_051000,12,15,Colaptes auratus,Northern Flicker,0.13374236
14_33,20200704_051000,42,45,Colaptes auratus,Northern Flicker,0.10292698
14_33,20200704_052000,0,3,Colaptes auratus,Northern Flicker,0.38025805
14_33,20200704_052000,30,33,Colaptes auratus,Northern Flicker,0.17543375
14_33,20200704_052000,33,36,Colaptes auratus,Northern Flicker,0.11233033
14_33,20200704_052500,33,36,Colaptes auratus,Northern Flicker,0.118032716
14_33,20200704_053500,48,51,Colaptes auratus,Northern Flicker,0.18236426
14_33,20200704_060500,39,42,Colaptes auratus,Northern Flicker,0.10852351
14_33,20200704_060500,48,51,Colaptes auratus,Northern Flicker,0.15534988
14_33,20200705_050000,3,6,Colaptes auratus,Northern Flicker,0.18679702
14_33,20200705_050000,9,12,Colaptes auratus,Northern Flicker,0.11640501
14_33,20200705_055000,15,18,Colaptes auratus,Northern Flicker,0.1451924
14_33,20200705_055500,0,3,Colaptes auratus,Northern Flicker,0.1080878
14_33,20200705_055500,45,48,Colaptes auratus,Northern Flicker,0.104828335
14_33,20200705_055500,48,51,Colaptes auratus,Northern Flicker,0.19991685
14_33,20200705_055500,57,60,Colaptes auratus,Northern Flicker,0.122047074
14_33,20200705_060000,3,6,Colaptes auratus,Northern Flicker,0.2017397
14_33,20200705_060500,45,48,Colaptes auratus,Northern Flicker,0.17701207
14_33,20200705_060500,57,60,Colaptes auratus,Northern Flicker,0.236168
14_33,20200705_061000,12,15,Colaptes auratus,Northern Flicker,0.103057735
14_33,20200705_061000,39,42,Colaptes auratus,Northern Flicker,0.16901448
14_33,20200705_062500,27,30,Colaptes auratus,Northern Flicker,0.10525166
14_33,20200705_063000,3,6,Colaptes auratus,Northern Flicker,0.17982556
14_33,20200705_063000,39,42,Colaptes auratus,Northern Flicker,0.19816016
14_33,20200705_064000,42,45,Colaptes auratus,Northern Flicker,0.16779155
14_33,20200706_055000,24,27,Colaptes auratus,Northern Flicker,0.1974493
14_33,20200706_062000,6,9,Colaptes auratus,Northern Flicker,0.101120606
14_33,20200706_062500,24,27,Colaptes auratus,Northern Flicker,0.15116477
14_33,20200706_062500,54,57,Colaptes auratus,Northern Flicker,0.17377281
14_33,20200706_063000,15,18,Colaptes auratus,Northern Flicker,0.10378969
14_33,20200706_063000,45,48,Colaptes auratus,Northern Flicker,0.11313853
14_33,20200708_051000,3,6,Colaptes auratus,Northern Flicker,0.10015566
14_33,20200708_051000,9,12,Colaptes auratus,Northern Flicker,0.112879224
14_33,20200708_051500,9,12,Colaptes auratus,Northern Flicker,0.113847844
14_33,20200708_053500,24,27,Colaptes auratus,Northern Flicker,0.11877514
14_33,20200708_054500,30,33,Colaptes auratus,Northern Flicker,0.118376695
14_33,20200708_055500,18,21,Colaptes auratus,Northern Flicker,0.111234605
14_33,20200708_055500,27,30,Colaptes auratus,Northern Flicker,0.19432937
14_33,20200708_055500,54,57,Colaptes auratus,Northern Flicker,0.12681721
14_33,20200708_061500,18,21,Colaptes auratus,Northern Flicker,0.50380147
14_33,20200708_061500,21,24,Colaptes auratus,Northern Flicker,0.22523896
14_33,20200708_062000,33,36,Colaptes auratus,Northern Flicker,0.22806822
14_33,20200708_064000,12,15,Colaptes auratus,Northern Flicker,0.10706506
14_33,20200708_064000,33,36,Colaptes auratus,Northern Flicker,0.10308071
14_33,20200708_064000,54,57,Colaptes auratus,Northern Flicker,0.12063672
14_33,20200708_064500,27,30,Colaptes auratus,Northern Flicker,0.108626224
14_33,20200708_064500,42,45,Colaptes auratus,Northern Flicker,0.10824561
14_33,20200708_064500,48,51,Colaptes auratus,Northern Flicker,0.37565863
14_33,20200708_065000,3,6,Colaptes auratus,Northern Flicker,0.1342865
14_33,20200708_065000,42,45,Colaptes auratus,Northern Flicker,0.117911115
14_33,20200708_065000,54,57,Colaptes auratus,Northern Flicker,0.1923918
14_33,20200708_065500,15,18,Colaptes auratus,Northern Flicker,0.1315447
14_33,20200709_065000,42,45,Colaptes auratus,Northern Flicker,0.11904426
14_33,20200716_052000,12,15,Colaptes auratus,Northern Flicker,0.11690277
14_34,20200615_055000,0,3,Colaptes auratus,Northern Flicker,0.12219135
14_34,20200615_060000,15,18,Colaptes auratus,Northern Flicker,0.32539064
14_34,20200618_064000,18,21,Colaptes auratus,Northern Flicker,0.11383925
14_34,20200714_052500,42,45,Colaptes auratus,Northern Flicker,0.10827734
14_34,20200718_052000,39,42,Colaptes auratus,Northern Flicker,0.112891525
14_36,20200717_064500,12,15,Colaptes auratus,Northern Flicker,0.18000016
14_38,20200615_062000,15,18,Colaptes auratus,Northern Flicker,0.672218
14_38,20200615_062000,18,21,Colaptes auratus,Northern Flicker,0.8723092
14_38,20200615_062000,24,27,Colaptes auratus,Northern Flicker,0.7162177
14_38,20200615_062000,27,30,Colaptes auratus,Northern Flicker,0.61793107
14_38,20200615_062000,30,33,Colaptes auratus,Northern Flicker,0.37762845
14_38,20200615_062000,54,57,Colaptes auratus,Northern Flicker,0.7201305
14_38,20200615_062000,57,60,Colaptes auratus,Northern Flicker,0.7597968
14_38,20200616_052000,39,42,Colaptes auratus,Northern Flicker,0.46905008
14_38,20200616_052000,45,48,Colaptes auratus,Northern Flicker,0.96676964
14_38,20200616_052000,51,54,Colaptes auratus,Northern Flicker,0.12099726
14_38,20200616_052000,54,57,Colaptes auratus,Northern Flicker,0.92101043
14_38,20200616_052000,57,60,Colaptes auratus,Northern Flicker,0.38072768
14_38,20200619_060500,36,39,Colaptes auratus,Northern Flicker,0.13059339
14_38,20200628_060500,36,39,Colaptes auratus,Northern Flicker,0.14118484
14_38,20200630_043000,27,30,Colaptes auratus,Northern Flicker,0.22973475
14_38,20200630_043000,33,36,Colaptes auratus,Northern Flicker,0.27922794
14_38,20200630_043000,36,39,Colaptes auratus,Northern Flicker,0.115674384
14_38,20200630_043000,39,42,Colaptes auratus,Northern Flicker,0.18766655
14_38,20200630_043000,42,45,Colaptes auratus,Northern Flicker,0.16967933
14_38,20200630_043000,45,48,Colaptes auratus,Northern Flicker,0.15385625
14_38,20200630_043000,48,51,Colaptes auratus,Northern Flicker,0.16277286
14_38,20200630_043000,51,54,Colaptes auratus,Northern Flicker,0.18577242
14_38,20200630_044500,42,45,Colaptes auratus,Northern Flicker,0.16078074
14_38,20200713_060000,45,48,Colaptes auratus,Northern Flicker,0.35331655
14_38,20200713_060000,48,51,Colaptes auratus,Northern Flicker,0.33766374
14_38,20200714_051000,42,45,Colaptes auratus,Northern Flicker,0.238878
14_38,20200714_051000,45,48,Colaptes auratus,Northern Flicker,0.41722986
14_38,20200718_054000,51,54,Colaptes auratus,Northern Flicker,0.15114531
14_38,20200718_054000,57,60,Colaptes auratus,Northern Flicker,0.18163325
14_38,20200718_064500,45,48,Colaptes auratus,Northern Flicker,0.10567112
14_38,20200719_055000,33,36,Colaptes auratus,Northern Flicker,0.22998133
14_39,20200609_042500,36,39,Colaptes auratus,Northern Flicker,0.10999482
14_39,20200710_060500,21,24,Colaptes auratus,Northern Flicker,0.1791357
14_40,20200614_062000,36,39,Colaptes auratus,Northern Flicker,0.11323238
14_40,20200618_053000,0,3,Colaptes auratus,Northern Flicker,0.5804057
14_40,20200618_053000,15,18,Colaptes auratus,Northern Flicker,0.9106236
14_40,20200618_053000,18,21,Colaptes auratus,Northern Flicker,0.96047235
14_40,20200618_053000,21,24,Colaptes auratus,Northern Flicker,0.5466494
14_40,20200618_053000,30,33,Colaptes auratus,Northern Flicker,0.9309628
14_40,20200618_053000,33,36,Colaptes auratus,Northern Flicker,0.94039035
14_40,20200618_053000,36,39,Colaptes auratus,Northern Flicker,0.9762325
14_40,20200618_053000,54,57,Colaptes auratus,Northern Flicker,0.5771971
14_40,20200618_053000,57,60,Colaptes auratus,Northern Flicker,0.81652987
14_40,20200706_053000,3,6,Colaptes auratus,Northern Flicker,0.37144607
14_40,20200706_053000,6,9,Colaptes auratus,Northern Flicker,0.11135917
14_40,20200712_062500,30,33,Colaptes auratus,Northern Flicker,0.15560417000000001
14_40,20200716_061000,0,3,Colaptes auratus,Northern Flicker,0.6614216
14_40,20200716_061000,3,6,Colaptes auratus,Northern Flicker,0.43061802
14_40,20200716_061000,12,15,Colaptes auratus,Northern Flicker,0.63467276
14_40,20200716_061000,24,27,Colaptes auratus,Northern Flicker,0.9082091
14_40,20200716_061000,45,48,Colaptes auratus,Northern Flicker,0.29564863
14_41,20200622_044000,27,30,Colaptes auratus,Northern Flicker,0.10029883
14_41,20200629_064500,21,24,Colaptes auratus,Northern Flicker,0.59941524
14_41,20200629_065000,3,6,Colaptes auratus,Northern Flicker,0.6780837
14_41,20200629_065000,9,12,Colaptes auratus,Northern Flicker,0.16892484
14_41,20200629_065000,12,15,Colaptes auratus,Northern Flicker,0.81429625
14_41,20200629_065000,54,57,Colaptes auratus,Northern Flicker,0.81309336
14_41,20200712_060500,57,60,Colaptes auratus,Northern Flicker,0.19339302
14_41,20200720_054500,3,6,Colaptes auratus,Northern Flicker,0.1122999
N_01,20200613_060000,0,3,Colaptes auratus,Northern Flicker,0.9509933
N_01,20200613_060000,15,18,Colaptes auratus,Northern Flicker,0.9293827
N_01,20200613_060000,18,21,Colaptes auratus,Northern Flicker,0.87393296
N_01,20200613_060000,36,39,Colaptes auratus,Northern Flicker,0.8440543
N_01,20200613_060000,39,42,Colaptes auratus,Northern Flicker,0.9672971
N_01,20200613_060000,42,45,Colaptes auratus,Northern Flicker,0.9246961
N_01,20200626_062500,48,51,Colaptes auratus,Northern Flicker,0.15468058
N_01,20200713_043500,51,54,Colaptes auratus,Northern Flicker,0.15291895
N_01,20200713_062000,21,24,Colaptes auratus,Northern Flicker,0.12144585
N_01,20200714_062000,12,15,Colaptes auratus,Northern Flicker,0.12068264
N_01,20200714_062000,48,51,Colaptes auratus,Northern Flicker,0.24557436
N_01,20200717_043000,27,30,Colaptes auratus,Northern Flicker,0.18725601
N_01,20200718_050000,57,60,Colaptes auratus,Northern Flicker,0.7445854
N_01,20200722_063000,51,54,Colaptes auratus,Northern Flicker,0.28148997
N_01,20200722_063000,54,57,Colaptes auratus,Northern Flicker,0.107755564
N_04,20200701_054000,30,33,Colaptes auratus,Northern Flicker,0.15690558
N_04,20200701_054000,33,36,Colaptes auratus,Northern Flicker,0.25750497
N_04,20200701_054000,36,39,Colaptes auratus,Northern Flicker,0.7237897
N_04,20200701_054000,45,48,Colaptes auratus,Northern Flicker,0.4761105
N_04,20200701_054000,48,51,Colaptes auratus,Northern Flicker,0.75615823
N_04,20200701_054000,51,54,Colaptes auratus,Northern Flicker,0.69752854
N_04,20200701_054000,57,60,Colaptes auratus,Northern Flicker,0.54721594
N_04,20200709_052000,39,42,Colaptes auratus,Northern Flicker,0.12718104
N_04,20200714_050000,21,24,Colaptes auratus,Northern Flicker,0.110369705
N_06,20200616_062500,57,60,Colaptes auratus,Northern Flicker,0.99795246
N_06,20200616_063000,6,9,Colaptes auratus,Northern Flicker,0.23259208
N_06,20200616_063000,45,48,Colaptes auratus,Northern Flicker,0.20202535
N_06,20200616_063000,48,51,Colaptes auratus,Northern Flicker,0.8717993
N_06,20200626_063000,36,39,Colaptes auratus,Northern Flicker,0.115915515
N_06,20200705_054500,18,21,Colaptes auratus,Northern Flicker,0.104485676
N_06,20200705_062000,3,6,Colaptes auratus,Northern Flicker,0.69345427
N_06,20200705_062000,6,9,Colaptes auratus,Northern Flicker,0.58568615
N_06,20200707_060500,0,3,Colaptes auratus,Northern Flicker,0.9850941
N_06,20200707_060500,3,6,Colaptes auratus,Northern Flicker,0.8893189
N_06,20200709_061500,30,33,Colaptes auratus,Northern Flicker,0.36218405
N_06,20200709_061500,33,36,Colaptes auratus,Northern Flicker,0.78474253
N_06,20200709_061500,42,45,Colaptes auratus,Northern Flicker,0.9399754
N_06,20200709_061500,45,48,Colaptes auratus,Northern Flicker,0.19951883
N_06,20200709_062500,33,36,Colaptes auratus,Northern Flicker,0.118084185
N_06,20200709_063000,36,39,Colaptes auratus,Northern Flicker,0.15225819
N_06,20200716_040500,15,18,Colaptes auratus,Northern Flicker,0.10427569
N_06,20200716_040500,27,30,Colaptes auratus,Northern Flicker,0.12558502
N_06,20200716_040500,30,33,Colaptes auratus,Northern Flicker,0.10526112
N_06,20200720_040000,24,27,Colaptes auratus,Northern Flicker,0.108260654
N_06,20200720_040000,39,42,Colaptes auratus,Northern Flicker,0.14412193
N_06,20200720_040000,45,48,Colaptes auratus,Northern Flicker,0.18804911
N_09,20200530_062500,45,48,Colaptes auratus,Northern Flicker,0.11177133
N_09,20200701_051500,12,15,Colaptes auratus,Northern Flicker,0.41391197
N_09,20200701_051500,15,18,Colaptes auratus,Northern Flicker,0.15354623
N_10,20200626_053000,18,21,Colaptes auratus,Northern Flicker,0.40659884
N_10,20200626_053000,24,27,Colaptes auratus,Northern Flicker,0.448323
N_10,20200626_053000,54,57,Colaptes auratus,Northern Flicker,0.98686105
N_10,20200626_053000,57,60,Colaptes auratus,Northern Flicker,0.99075985
N_12,20200619_065000,36,39,Colaptes auratus,Northern Flicker,0.18260539
N_17,20200626_061000,51,54,Colaptes auratus,Northern Flicker,0.14270684
N_17,20200710_054000,42,45,Colaptes auratus,Northern Flicker,0.35356367
N_21,20200623_050500,57,60,Colaptes auratus,Northern Flicker,0.2785771
N_22,20200707_053000,3,6,Colaptes auratus,Northern Flicker,0.6960288
N_22,20200707_053000,6,9,Colaptes auratus,Northern Flicker,0.15638196
N_24,20200613_055000,45,48,Colaptes auratus,Northern Flicker,0.13649355
N_24,20200615_063500,3,6,Colaptes auratus,Northern Flicker,0.10646235
N_24,20200626_053500,51,54,Colaptes auratus,Northern Flicker,0.1151897
N_25,20200613_051000,45,48,Colaptes auratus,Northern Flicker,0.120489985
N_25,20200613_051000,54,57,Colaptes auratus,Northern Flicker,0.10156465
N_25,20200619_051500,18,21,Colaptes auratus,Northern Flicker,0.26067182
N_25,20200619_063500,36,39,Colaptes auratus,Northern Flicker,0.6369164
N_25,20200628_064500,54,57,Colaptes auratus,Northern Flicker,0.13596264
N_25,20200628_064500,57,60,Colaptes auratus,Northern Flicker,0.22879641
N_25,20200705_065000,9,12,Colaptes auratus,Northern Flicker,0.15100056
14_05,20210623_045500,48,51,Colaptes auratus,Northern Flicker,0.14562371
14_05,20210623_045500,51,54,Colaptes auratus,Northern Flicker,0.47407827
14_05,20210712_054000,3,6,Colaptes auratus,Northern Flicker,0.42105374
14_05,20210712_063000,21,24,Colaptes auratus,Northern Flicker,0.8421384
14_05,20210712_063000,24,27,Colaptes auratus,Northern Flicker,0.7427244
14_05,20210712_063000,27,30,Colaptes auratus,Northern Flicker,0.82389873
14_05,20210712_063000,33,36,Colaptes auratus,Northern Flicker,0.7980156
14_05,20210712_063000,42,45,Colaptes auratus,Northern Flicker,0.14530565
14_05,20210712_063000,48,51,Colaptes auratus,Northern Flicker,0.2130838
14_05,20210712_063000,51,54,Colaptes auratus,Northern Flicker,0.20901844
14_05,20210712_063000,54,57,Colaptes auratus,Northern Flicker,0.7674697
14_05,20210712_063000,57,60,Colaptes auratus,Northern Flicker,0.6510943
14_06,20210623_045000,6,9,Colaptes auratus,Northern Flicker,0.11774015
14_06,20210623_053500,12,15,Colaptes auratus,Northern Flicker,0.25358027
14_06,20210627_052500,42,45,Colaptes auratus,Northern Flicker,0.14107919
14_06,20210712_062500,15,18,Colaptes auratus,Northern Flicker,0.2825144
14_08,20210627_045000,54,57,Colaptes auratus,Northern Flicker,0.16751595
14_09,20210526_055000,54,57,Colaptes auratus,Northern Flicker,0.5035743
14_09,20210526_055000,57,60,Colaptes auratus,Northern Flicker,0.4421639
14_09,20210602_045500,30,33,Colaptes auratus,Northern Flicker,0.1312378
14_09,20210605_053500,27,30,Colaptes auratus,Northern Flicker,0.4846496
14_09,20210702_051500,36,39,Colaptes auratus,Northern Flicker,0.40664768
14_09,20210704_053000,42,45,Colaptes auratus,Northern Flicker,0.16177249
14_09,20210704_055500,33,36,Colaptes auratus,Northern Flicker,0.15777516
14_09,20210704_055500,54,57,Colaptes auratus,Northern Flicker,0.92994416
14_09,20210704_055500,57,60,Colaptes auratus,Northern Flicker,0.96103716
14_10,20210518_061500,39,42,Colaptes auratus,Northern Flicker,0.21905802
14_10,20210519_055500,48,51,Colaptes auratus,Northern Flicker,0.5758606
14_10,20210519_055500,51,54,Colaptes auratus,Northern Flicker,0.93111545
14_10,20210519_055500,54,57,Colaptes auratus,Northern Flicker,0.78936404
14_10,20210519_065500,51,54,Colaptes auratus,Northern Flicker,0.32220256
14_10,20210519_065500,54,57,Colaptes auratus,Northern Flicker,0.8664253
14_10,20210520_050000,12,15,Colaptes auratus,Northern Flicker,0.30068627
14_10,20210520_050000,15,18,Colaptes auratus,Northern Flicker,0.7265221
14_10,20210520_050000,57,60,Colaptes auratus,Northern Flicker,0.84109473
14_10,20210520_050500,6,9,Colaptes auratus,Northern Flicker,0.11172636
14_10,20210520_050500,9,12,Colaptes auratus,Northern Flicker,0.49218857
14_10,20210520_051500,15,18,Colaptes auratus,Northern Flicker,0.33569494
14_10,20210520_051500,51,54,Colaptes auratus,Northern Flicker,0.23504573
14_10,20210520_051500,54,57,Colaptes auratus,Northern Flicker,0.9202641
14_10,20210520_051500,57,60,Colaptes auratus,Northern Flicker,0.8042354
14_10,20210520_061000,21,24,Colaptes auratus,Northern Flicker,0.23642786
14_10,20210520_062000,9,12,Colaptes auratus,Northern Flicker,0.20763323
14_10,20210520_062000,12,15,Colaptes auratus,Northern Flicker,0.23092061
14_10,20210520_062000,18,21,Colaptes auratus,Northern Flicker,0.11677802
14_10,20210520_062000,33,36,Colaptes auratus,Northern Flicker,0.30218887
14_10,20210520_062000,51,54,Colaptes auratus,Northern Flicker,0.20198677
14_10,20210520_062000,54,57,Colaptes auratus,Northern Flicker,0.71393365
14_10,20210520_062000,57,60,Colaptes auratus,Northern Flicker,0.5516617
14_10,20210606_062500,24,27,Colaptes auratus,Northern Flicker,0.13281867
14_10,20210608_065500,3,6,Colaptes auratus,Northern Flicker,0.11212938
14_10,20210702_055500,15,18,Colaptes auratus,Northern Flicker,0.12469684
14_10,20210707_065500,48,51,Colaptes auratus,Northern Flicker,0.14546846
14_10,20210709_051000,39,42,Colaptes auratus,Northern Flicker,0.11309667
14_10,20210713_055500,54,57,Colaptes auratus,Northern Flicker,0.33512244
14_10,20210713_055500,57,60,Colaptes auratus,Northern Flicker,0.6628079
14_11,20210708_065500,39,42,Colaptes auratus,Northern Flicker,0.10730738
14_13,20210614_065000,15,18,Colaptes auratus,Northern Flicker,0.41680703
14_14,20210522_063000,51,54,Colaptes auratus,Northern Flicker,0.15473056
14_14,20210602_060500,51,54,Colaptes auratus,Northern Flicker,0.15288314
14_15,20210713_065000,15,18,Colaptes auratus,Northern Flicker,0.1209098
14_16,20210619_064000,3,6,Colaptes auratus,Northern Flicker,0.14499882
14_16,20210619_065500,3,6,Colaptes auratus,Northern Flicker,0.18332943
14_16,20210619_065500,15,18,Colaptes auratus,Northern Flicker,0.34461007
14_16,20210621_055000,0,3,Colaptes auratus,Northern Flicker,0.27567074
14_16,20210621_055000,3,6,Colaptes auratus,Northern Flicker,0.56422365
14_16,20210621_062500,18,21,Colaptes auratus,Northern Flicker,0.13063222
14_16,20210621_064500,18,21,Colaptes auratus,Northern Flicker,0.16394445
14_16,20210622_052500,57,60,Colaptes auratus,Northern Flicker,0.8533399
14_16,20210622_064500,36,39,Colaptes auratus,Northern Flicker,0.36435267
14_16,20210623_053000,33,36,Colaptes auratus,Northern Flicker,0.8348512
14_16,20210623_053000,51,54,Colaptes auratus,Northern Flicker,0.2630677
14_16,20210623_053000,54,57,Colaptes auratus,Northern Flicker,0.88319117
14_16,20210623_053500,33,36,Colaptes auratus,Northern Flicker,0.10521478
14_16,20210623_061000,6,9,Colaptes auratus,Northern Flicker,0.14204702
14_16,20210624_055500,0,3,Colaptes auratus,Northern Flicker,0.9586343
14_16,20210624_055500,3,6,Colaptes auratus,Northern Flicker,0.98642796
14_16,20210624_055500,6,9,Colaptes auratus,Northern Flicker,0.96128285
14_16,20210624_064500,0,3,Colaptes auratus,Northern Flicker,0.59492403
14_16,20210624_064500,36,39,Colaptes auratus,Northern Flicker,0.62599313
14_16,20210624_064500,39,42,Colaptes auratus,Northern Flicker,0.8986762
14_16,20210625_060000,12,15,Colaptes auratus,Northern Flicker,0.21974503
14_16,20210625_060000,30,33,Colaptes auratus,Northern Flicker,0.30314144
14_16,20210625_060000,51,54,Colaptes auratus,Northern Flicker,0.3662115
14_16,20210626_055000,21,24,Colaptes auratus,Northern Flicker,0.11316551
14_16,20210626_055500,0,3,Colaptes auratus,Northern Flicker,0.100210115
14_16,20210628_063000,42,45,Colaptes auratus,Northern Flicker,0.18809877
14_16,20210629_052500,18,21,Colaptes auratus,Northern Flicker,0.65523267
14_16,20210630_054000,6,9,Colaptes auratus,Northern Flicker,0.74964267
14_16,20210630_054000,18,21,Colaptes auratus,Northern Flicker,0.5363796
14_16,20210630_055000,3,6,Colaptes auratus,Northern Flicker,0.9903831
14_16,20210630_055000,6,9,Colaptes auratus,Northern Flicker,0.99656737
14_16,20210630_055000,9,12,Colaptes auratus,Northern Flicker,0.97638637
14_16,20210630_055000,33,36,Colaptes auratus,Northern Flicker,0.99736637
14_16,20210630_055000,36,39,Colaptes auratus,Northern Flicker,0.9864335
14_16,20210630_061000,0,3,Colaptes auratus,Northern Flicker,0.863447
14_16,20210630_061000,3,6,Colaptes auratus,Northern Flicker,0.5328101
14_16,20210630_065500,12,15,Colaptes auratus,Northern Flicker,0.100161
14_16,20210701_040000,3,6,Colaptes auratus,Northern Flicker,0.14631666
14_16,20210701_040000,9,12,Colaptes auratus,Northern Flicker,0.19255067
14_16,20210701_052000,51,54,Colaptes auratus,Northern Flicker,0.7467801
14_16,20210701_052000,54,57,Colaptes auratus,Northern Flicker,0.9975278
14_16,20210701_060000,48,51,Colaptes auratus,Northern Flicker,0.15879892
14_16,20210701_063000,3,6,Colaptes auratus,Northern Flicker,0.99651366
14_16,20210701_063000,6,9,Colaptes auratus,Northern Flicker,0.9845146
14_16,20210702_051500,21,24,Colaptes auratus,Northern Flicker,0.35392526
14_16,20210702_061500,57,60,Colaptes auratus,Northern Flicker,0.6741776
14_16,20210702_062000,36,39,Colaptes auratus,Northern Flicker,0.48879158
14_16,20210702_062000,39,42,Colaptes auratus,Northern Flicker,0.614223
14_16,20210702_062500,42,45,Colaptes auratus,Northern Flicker,0.14276993
14_16,20210703_055000,18,21,Colaptes auratus,Northern Flicker,0.10467588
14_16,20210703_060000,12,15,Colaptes auratus,Northern Flicker,0.2010598
14_16,20210704_065500,33,36,Colaptes auratus,Northern Flicker,0.5980788
14_16,20210704_065500,36,39,Colaptes auratus,Northern Flicker,0.9055775
14_16,20210704_065500,51,54,Colaptes auratus,Northern Flicker,0.7079558
14_16,20210704_065500,54,57,Colaptes auratus,Northern Flicker,0.87797624
14_16,20210705_061000,45,48,Colaptes auratus,Northern Flicker,0.32506388
14_16,20210705_061000,48,51,Colaptes auratus,Northern Flicker,0.4217227
14_16,20210705_063500,15,18,Colaptes auratus,Northern Flicker,0.2419667
14_16,20210705_063500,18,21,Colaptes auratus,Northern Flicker,0.5632511
14_16,20210705_064000,9,12,Colaptes auratus,Northern Flicker,0.9062401
14_16,20210705_064000,12,15,Colaptes auratus,Northern Flicker,0.4453088
14_16,20210705_064000,36,39,Colaptes auratus,Northern Flicker,0.7894596
14_16,20210705_064000,39,42,Colaptes auratus,Northern Flicker,0.9312209
14_16,20210705_064000,42,45,Colaptes auratus,Northern Flicker,0.73451895
14_16,20210705_064500,48,51,Colaptes auratus,Northern Flicker,0.74482477
14_16,20210705_064500,51,54,Colaptes auratus,Northern Flicker,0.8045353
14_16,20210705_065000,21,24,Colaptes auratus,Northern Flicker,0.28671145
14_16,20210705_065000,24,27,Colaptes auratus,Northern Flicker,0.21452588
14_16,20210706_055500,21,24,Colaptes auratus,Northern Flicker,0.87141746
14_16,20210706_055500,24,27,Colaptes auratus,Northern Flicker,0.3294336
14_16,20210706_060000,39,42,Colaptes auratus,Northern Flicker,0.69122666
14_16,20210706_061000,33,36,Colaptes auratus,Northern Flicker,0.16073012
14_16,20210706_061000,51,54,Colaptes auratus,Northern Flicker,0.62669283
14_16,20210707_060000,24,27,Colaptes auratus,Northern Flicker,0.19461446
14_16,20210707_064500,0,3,Colaptes auratus,Northern Flicker,0.25711295
14_16,20210707_064500,3,6,Colaptes auratus,Northern Flicker,0.69804317
14_16,20210708_060000,39,42,Colaptes auratus,Northern Flicker,0.20656045
14_16,20210708_064500,3,6,Colaptes auratus,Northern Flicker,0.84175324
14_16,20210708_064500,6,9,Colaptes auratus,Northern Flicker,0.9314839
14_16,20210709_053000,27,30,Colaptes auratus,Northern Flicker,0.22775261
14_16,20210711_045500,57,60,Colaptes auratus,Northern Flicker,0.18934171
14_17,20210522_053800,45,48,Colaptes auratus,Northern Flicker,0.21204303
14_17,20210524_054300,0,3,Colaptes auratus,Northern Flicker,0.14611816
14_17,20210524_054300,39,42,Colaptes auratus,Northern Flicker,0.20289826
14_17,20210603_060900,30,33,Colaptes auratus,Northern Flicker,0.15255317
14_17,20210603_060900,33,36,Colaptes auratus,Northern Flicker,0.111598246
14_17,20210610_053400,12,15,Colaptes auratus,Northern Flicker,0.16650198
14_18,20210521_061100,15,18,Colaptes auratus,Northern Flicker,0.18150912
14_18,20210521_061100,39,42,Colaptes auratus,Northern Flicker,0.29405618
14_18,20210521_061200,0,3,Colaptes auratus,Northern Flicker,0.16330886
14_18,20210521_061200,15,18,Colaptes auratus,Northern Flicker,0.30661458
14_18,20210521_061200,24,27,Colaptes auratus,Northern Flicker,0.23246193
14_19,20210522_040500,9,12,Colaptes auratus,Northern Flicker,0.15104339
14_19,20210605_064500,18,21,Colaptes auratus,Northern Flicker,0.10409036
14_19,20210611_052000,24,27,Colaptes auratus,Northern Flicker,0.13192259
14_24,20210524_043500,15,18,Colaptes auratus,Northern Flicker,0.12909107
14_24,20210524_043500,36,39,Colaptes auratus,Northern Flicker,0.1436917
14_25,20210521_065000,6,9,Colaptes auratus,Northern Flicker,0.11203206
14_25,20210522_060000,33,36,Colaptes auratus,Northern Flicker,0.11155579
14_25,20210523_054500,3,6,Colaptes auratus,Northern Flicker,0.45434204
14_25,20210523_054500,42,45,Colaptes auratus,Northern Flicker,0.90888613
14_25,20210523_055000,0,3,Colaptes auratus,Northern Flicker,0.18401964
14_25,20210523_055000,6,9,Colaptes auratus,Northern Flicker,0.52961904
14_25,20210523_055000,9,12,Colaptes auratus,Northern Flicker,0.5318106
14_25,20210523_055000,12,15,Colaptes auratus,Northern Flicker,0.40732476
14_25,20210523_055000,15,18,Colaptes auratus,Northern Flicker,0.787623
14_25,20210523_055000,21,24,Colaptes auratus,Northern Flicker,0.8567218
14_25,20210523_055000,24,27,Colaptes auratus,Northern Flicker,0.3785421
14_25,20210523_055000,27,30,Colaptes auratus,Northern Flicker,0.27691662
14_25,20210523_055000,30,33,Colaptes auratus,Northern Flicker,0.6456274
14_25,20210523_055000,33,36,Colaptes auratus,Northern Flicker,0.6186551
14_25,20210523_055000,39,42,Colaptes auratus,Northern Flicker,0.8622945
14_25,20210523_055000,45,48,Colaptes auratus,Northern Flicker,0.6539761
14_25,20210523_055000,54,57,Colaptes auratus,Northern Flicker,0.7611905
14_25,20210523_055000,57,60,Colaptes auratus,Northern Flicker,0.6123287
14_25,20210526_052000,54,57,Colaptes auratus,Northern Flicker,0.109875605
14_25,20210627_050500,12,15,Colaptes auratus,Northern Flicker,0.10992681
14_25,20210627_050500,15,18,Colaptes auratus,Northern Flicker,0.10882184
14_25,20210628_054500,48,51,Colaptes auratus,Northern Flicker,0.3195923
14_25,20210628_054500,57,60,Colaptes auratus,Northern Flicker,0.12981896
14_25,20210629_053000,0,3,Colaptes auratus,Northern Flicker,0.9756998
14_25,20210629_053000,9,12,Colaptes auratus,Northern Flicker,0.8561168
14_25,20210629_053000,12,15,Colaptes auratus,Northern Flicker,0.8855071
14_25,20210629_053000,18,21,Colaptes auratus,Northern Flicker,0.85666287
14_25,20210629_053000,21,24,Colaptes auratus,Northern Flicker,0.91613364
14_25,20210629_053000,27,30,Colaptes auratus,Northern Flicker,0.22280625
14_25,20210629_053000,36,39,Colaptes auratus,Northern Flicker,0.8286309
14_25,20210629_053000,39,42,Colaptes auratus,Northern Flicker,0.82700056
14_25,20210629_053000,42,45,Colaptes auratus,Northern Flicker,0.8085215
14_25,20210629_053000,45,48,Colaptes auratus,Northern Flicker,0.853256
14_25,20210629_053000,54,57,Colaptes auratus,Northern Flicker,0.8017837
14_25,20210629_053000,57,60,Colaptes auratus,Northern Flicker,0.9103058
14_25,20210629_055000,42,45,Colaptes auratus,Northern Flicker,0.23007742
14_25,20210629_055000,48,51,Colaptes auratus,Northern Flicker,0.5326018
14_26,20210519_060000,21,24,Colaptes auratus,Northern Flicker,0.7006994
14_26,20210519_060000,33,36,Colaptes auratus,Northern Flicker,0.19689433
14_26,20210519_060000,39,42,Colaptes auratus,Northern Flicker,0.82698977
14_26,20210531_053500,3,6,Colaptes auratus,Northern Flicker,0.1131017
14_26,20210624_053000,3,6,Colaptes auratus,Northern Flicker,0.13541701
14_26,20210708_054500,48,51,Colaptes auratus,Northern Flicker,0.16891791
14_27,20210519_050000,39,42,Colaptes auratus,Northern Flicker,0.12259602
14_27,20210519_050100,21,24,Colaptes auratus,Northern Flicker,0.10446151
14_27,20210519_051700,24,27,Colaptes auratus,Northern Flicker,0.19112143
14_27,20210519_051700,45,48,Colaptes auratus,Northern Flicker,0.10532205
14_27,20210519_053200,36,39,Colaptes auratus,Northern Flicker,0.10840489
14_28,20210617_061500,27,30,Colaptes auratus,Northern Flicker,0.19802514
14_28,20210617_065400,36,39,Colaptes auratus,Northern Flicker,0.10472943
14_28,20210618_053000,33,36,Colaptes auratus,Northern Flicker,0.10438487
14_28,20210618_062800,30,33,Colaptes auratus,Northern Flicker,0.10939995
14_28,20210701_054100,51,54,Colaptes auratus,Northern Flicker,0.10301985
14_28,20210701_064700,15,18,Colaptes auratus,Northern Flicker,0.20986533
14_28,20210703_045000,9,12,Colaptes auratus,Northern Flicker,0.12803267
14_29,20210521_060500,54,57,Colaptes auratus,Northern Flicker,0.15300435
14_29,20210607_065500,48,51,Colaptes auratus,Northern Flicker,0.10250685
14_29,20210626_064500,6,9,Colaptes auratus,Northern Flicker,0.19501744
14_29,20210701_044000,48,51,Colaptes auratus,Northern Flicker,0.13808638
14_33,20210619_065500,12,15,Colaptes auratus,Northern Flicker,0.10504211
14_33,20210619_065500,15,18,Colaptes auratus,Northern Flicker,0.10662372
14_33,20210619_065500,18,21,Colaptes auratus,Northern Flicker,0.12552887
14_33,20210619_065500,30,33,Colaptes auratus,Northern Flicker,0.11426534
14_33,20210619_065500,42,45,Colaptes auratus,Northern Flicker,0.12278442
14_33,20210619_065500,45,48,Colaptes auratus,Northern Flicker,0.14594206
14_33,20210619_065500,48,51,Colaptes auratus,Northern Flicker,0.14755134
14_33,20210619_065500,51,54,Colaptes auratus,Northern Flicker,0.10225375
14_33,20210619_065500,54,57,Colaptes auratus,Northern Flicker,0.19627972
14_33,20210703_063500,21,24,Colaptes auratus,Northern Flicker,0.11484069
14_34,20210611_062000,18,21,Colaptes auratus,Northern Flicker,0.13667825
14_34,20210616_053000,24,27,Colaptes auratus,Northern Flicker,0.21257493
14_34,20210706_060000,30,33,Colaptes auratus,Northern Flicker,0.47827747
14_37,20210603_054500,6,9,Colaptes auratus,Northern Flicker,0.1823445
14_37,20210706_061000,27,30,Colaptes auratus,Northern Flicker,0.29250973
14_37,20210706_061000,48,51,Colaptes auratus,Northern Flicker,0.114491634
14_37,20210712_062000,9,12,Colaptes auratus,Northern Flicker,0.21705446
14_37,20210712_062000,51,54,Colaptes auratus,Northern Flicker,0.38333946
14_38,20210621_054500,33,36,Colaptes auratus,Northern Flicker,0.104134314
14_38,20210630_060000,21,24,Colaptes auratus,Northern Flicker,0.10414249
14_38,20210703_061000,27,30,Colaptes auratus,Northern Flicker,0.32246011
14_38,20210707_050000,57,60,Colaptes auratus,Northern Flicker,0.16933347
14_38,20210711_062000,9,12,Colaptes auratus,Northern Flicker,0.10054311
14_39,20210601_040000,3,6,Colaptes auratus,Northern Flicker,0.10415152
14_39,20210626_045500,45,48,Colaptes auratus,Northern Flicker,0.119613856
14_40,20210601_065500,18,21,Colaptes auratus,Northern Flicker,0.29406455
14_40,20210623_060000,15,18,Colaptes auratus,Northern Flicker,0.5683852
14_40,20210623_060000,18,21,Colaptes auratus,Northern Flicker,0.7262762
14_40,20210623_060000,21,24,Colaptes auratus,Northern Flicker,0.49315315
14_40,20210704_043000,51,54,Colaptes auratus,Northern Flicker,0.12964338
14_40,20210713_065000,18,21,Colaptes auratus,Northern Flicker,0.28920743
14_41,20210607_065500,6,9,Colaptes auratus,Northern Flicker,0.14569737
14_41,20210607_065500,24,27,Colaptes auratus,Northern Flicker,0.10904736
14_41,20210607_065500,33,36,Colaptes auratus,Northern Flicker,0.106276624
14_41,20210620_065500,15,18,Colaptes auratus,Northern Flicker,0.36663157
14_41,20210620_065500,30,33,Colaptes auratus,Northern Flicker,0.2825427
14_41,20210620_065500,54,57,Colaptes auratus,Northern Flicker,0.40719375
14_41,20210709_063000,3,6,Colaptes auratus,Northern Flicker,0.19161832
N_01,20210519_051000,9,12,Colaptes auratus,Northern Flicker,0.1912533
N_01,20210519_051000,36,39,Colaptes auratus,Northern Flicker,0.13602322
N_01,20210519_051500,9,12,Colaptes auratus,Northern Flicker,0.39854556
N_01,20210519_051500,12,15,Colaptes auratus,Northern Flicker,0.49266675
N_01,20210519_051500,15,18,Colaptes auratus,Northern Flicker,0.57404
N_01,20210519_051500,36,39,Colaptes auratus,Northern Flicker,0.7364245
N_01,20210519_051500,39,42,Colaptes auratus,Northern Flicker,0.8726909
N_01,20210519_051500,42,45,Colaptes auratus,Northern Flicker,0.18416622
N_01,20210519_061000,6,9,Colaptes auratus,Northern Flicker,0.24830924
N_01,20210519_061000,9,12,Colaptes auratus,Northern Flicker,0.4611875
N_01,20210519_061000,18,21,Colaptes auratus,Northern Flicker,0.23111705
N_01,20210521_065000,36,39,Colaptes auratus,Northern Flicker,0.8144133
N_01,20210521_065000,39,42,Colaptes auratus,Northern Flicker,0.26604483
N_01,20210528_062500,24,27,Colaptes auratus,Northern Flicker,0.17442334
N_01,20210528_062500,30,33,Colaptes auratus,Northern Flicker,0.19839437
N_01,20210528_062500,36,39,Colaptes auratus,Northern Flicker,0.14611407
N_01,20210528_062500,48,51,Colaptes auratus,Northern Flicker,0.47743112
N_01,20210528_062500,57,60,Colaptes auratus,Northern Flicker,0.10557894
N_01,20210613_065500,21,24,Colaptes auratus,Northern Flicker,0.78504854
N_01,20210704_062000,42,45,Colaptes auratus,Northern Flicker,0.1204495
N_04,20210520_063500,51,54,Colaptes auratus,Northern Flicker,0.1160363
N_04,20210522_054500,36,39,Colaptes auratus,Northern Flicker,0.10746141
N_04,20210525_054000,9,12,Colaptes auratus,Northern Flicker,0.106365725
N_04,20210526_064500,9,12,Colaptes auratus,Northern Flicker,0.20737563
N_06,20210520_052000,51,54,Colaptes auratus,Northern Flicker,0.42610985
N_06,20210520_052000,54,57,Colaptes auratus,Northern Flicker,0.58189476
N_06,20210520_052000,57,60,Colaptes auratus,Northern Flicker,0.5073132
N_06,20210521_051500,3,6,Colaptes auratus,Northern Flicker,0.635727
N_06,20210521_051500,6,9,Colaptes auratus,Northern Flicker,0.7159573
N_08,20210523_053000,45,48,Colaptes auratus,Northern Flicker,0.11725919
N_08,20210526_060500,3,6,Colaptes auratus,Northern Flicker,0.14222527
N_08,20210526_060500,57,60,Colaptes auratus,Northern Flicker,0.10088257
N_08,20210526_062500,6,9,Colaptes auratus,Northern Flicker,0.59798527
N_08,20210526_062500,9,12,Colaptes auratus,Northern Flicker,0.37989742
N_10,20210601_055900,36,39,Colaptes auratus,Northern Flicker,0.11662057
N_10,20210604_054900,15,18,Colaptes auratus,Northern Flicker,0.15893441
N_10,20210604_054900,18,21,Colaptes auratus,Northern Flicker,0.10372371
N_10,20210618_053000,36,39,Colaptes auratus,Northern Flicker,0.25327
N_10,20210707_061600,6,9,Colaptes auratus,Northern Flicker,0.10087841
N_14,20210522_064000,33,36,Colaptes auratus,Northern Flicker,0.25054908
N_14,20210523_052000,9,12,Colaptes auratus,Northern Flicker,0.13122378
N_14,20210523_052000,36,39,Colaptes auratus,Northern Flicker,0.12550409
N_14,20210523_052000,54,57,Colaptes auratus,Northern Flicker,0.1893599
N_14,20210527_051000,45,48,Colaptes auratus,Northern Flicker,0.35591295
N_14,20210527_065000,0,3,Colaptes auratus,Northern Flicker,0.37555256
N_14,20210531_044500,9,12,Colaptes auratus,Northern Flicker,0.16846913
N_14,20210531_044500,12,15,Colaptes auratus,Northern Flicker,0.14354801
N_14,20210531_060500,48,51,Colaptes auratus,Northern Flicker,0.10415614
N_14,20210602_043000,42,45,Colaptes auratus,Northern Flicker,0.33659092
N_14,20210602_051000,24,27,Colaptes auratus,Northern Flicker,0.13654408
N_14,20210603_063000,0,3,Colaptes auratus,Northern Flicker,0.61495245
N_14,20210603_063000,3,6,Colaptes auratus,Northern Flicker,0.22703256
N_14,20210603_063000,45,48,Colaptes auratus,Northern Flicker,0.18214619
N_14,20210603_063000,54,57,Colaptes auratus,Northern Flicker,0.15948515
N_14,20210605_064000,18,21,Colaptes auratus,Northern Flicker,0.21276036
N_14,20210611_063500,21,24,Colaptes auratus,Northern Flicker,0.18230256
N_14,20210611_063500,24,27,Colaptes auratus,Northern Flicker,0.41931334
N_14,20210613_061000,54,57,Colaptes auratus,Northern Flicker,0.13845676
N_14,20210614_044000,36,39,Colaptes auratus,Northern Flicker,0.12175896
N_14,20210620_061000,15,18,Colaptes auratus,Northern Flicker,0.112739146
N_14,20210623_061000,12,15,Colaptes auratus,Northern Flicker,0.7467086
N_14,20210623_061000,15,18,Colaptes auratus,Northern Flicker,0.5230653
N_14,20210628_065000,3,6,Colaptes auratus,Northern Flicker,0.4018103
N_14,20210628_065000,6,9,Colaptes auratus,Northern Flicker,0.91989154
N_14,20210628_065000,36,39,Colaptes auratus,Northern Flicker,0.94745046
N_14,20210628_065000,39,42,Colaptes auratus,Northern Flicker,0.9841926
N_14,20210628_065000,42,45,Colaptes auratus,Northern Flicker,0.9959096
N_15,20210519_064500,12,15,Colaptes auratus,Northern Flicker,0.18882991
N_15,20210519_065000,21,24,Colaptes auratus,Northern Flicker,0.14569907000000001
N_15,20210616_061500,6,9,Colaptes auratus,Northern Flicker,0.10535825
N_15,20210616_062000,12,15,Colaptes auratus,Northern Flicker,0.2669969
N_15,20210624_053000,39,42,Colaptes auratus,Northern Flicker,0.12185811
N_15,20210624_053000,42,45,Colaptes auratus,Northern Flicker,0.7267935
N_15,20210624_053000,45,48,Colaptes auratus,Northern Flicker,0.38688788
N_15,20210624_053500,12,15,Colaptes auratus,Northern Flicker,0.1889193
N_15,20210624_062000,21,24,Colaptes auratus,Northern Flicker,0.41766664
N_15,20210624_062000,24,27,Colaptes auratus,Northern Flicker,0.8380867
N_15,20210624_062000,27,30,Colaptes auratus,Northern Flicker,0.1135833
N_15,20210702_045000,30,33,Colaptes auratus,Northern Flicker,0.5063814
N_15,20210702_045000,33,36,Colaptes auratus,Northern Flicker,0.82437426
N_15,20210703_045000,9,12,Colaptes auratus,Northern Flicker,0.8165233
N_15,20210703_045000,12,15,Colaptes auratus,Northern Flicker,0.76775587
N_15,20210703_061000,12,15,Colaptes auratus,Northern Flicker,0.8855619
N_15,20210703_061000,15,18,Colaptes auratus,Northern Flicker,0.81899947
N_15,20210703_061000,48,51,Colaptes auratus,Northern Flicker,0.95095444
N_15,20210703_061000,51,54,Colaptes auratus,Northern Flicker,0.9512649
N_15,20210703_065500,3,6,Colaptes auratus,Northern Flicker,0.40778
N_15,20210703_065500,6,9,Colaptes auratus,Northern Flicker,0.44284686
N_15,20210703_065500,27,30,Colaptes auratus,Northern Flicker,0.94238406
N_15,20210703_065500,30,33,Colaptes auratus,Northern Flicker,0.22705665
N_15,20210703_065500,48,51,Colaptes auratus,Northern Flicker,0.89866865
N_15,20210703_065500,51,54,Colaptes auratus,Northern Flicker,0.9559443
N_15,20210703_065500,54,57,Colaptes auratus,Northern Flicker,0.3607134
N_15,20210704_052000,18,21,Colaptes auratus,Northern Flicker,0.7049601
N_15,20210704_052000,21,24,Colaptes auratus,Northern Flicker,0.23940818
N_15,20210704_052000,42,45,Colaptes auratus,Northern Flicker,0.35785958
N_15,20210704_052000,45,48,Colaptes auratus,Northern Flicker,0.93281746
N_15,20210704_064500,3,6,Colaptes auratus,Northern Flicker,0.23526408
N_16,20210523_060500,21,24,Colaptes auratus,Northern Flicker,0.2951995
N_16,20210624_050000,36,39,Colaptes auratus,Northern Flicker,0.9743473
N_16,20210624_050000,39,42,Colaptes auratus,Northern Flicker,0.5805282
N_16,20210628_061000,9,12,Colaptes auratus,Northern Flicker,0.11267167
N_16,20210707_064000,6,9,Colaptes auratus,Northern Flicker,0.9274607
N_16,20210707_064000,9,12,Colaptes auratus,Northern Flicker,0.96832407
N_16,20210707_064000,12,15,Colaptes auratus,Northern Flicker,0.7734032
N_16,20210707_064000,18,21,Colaptes auratus,Northern Flicker,0.35442615
N_16,20210707_064000,21,24,Colaptes auratus,Northern Flicker,0.9694616
N_16,20210707_064000,24,27,Colaptes auratus,Northern Flicker,0.83512294
N_16,20210707_064000,36,39,Colaptes auratus,Northern Flicker,0.9559792
N_16,20210707_064000,39,42,Colaptes auratus,Northern Flicker,0.53139913
N_16,20210707_064000,54,57,Colaptes auratus,Northern Flicker,0.9608167
N_16,20210707_064000,57,60,Colaptes auratus,Northern Flicker,0.7303926
N_17,20210524_044500,45,48,Colaptes auratus,Northern Flicker,0.16279031
N_18,20210715_045500,54,57,Colaptes auratus,Northern Flicker,0.14714554
N_19,20210520_063300,9,12,Colaptes auratus,Northern Flicker,0.107553855
N_19,20210520_063300,39,42,Colaptes auratus,Northern Flicker,0.24637148
N_19,20210522_042500,42,45,Colaptes auratus,Northern Flicker,0.14100096
N_21,20210626_052700,27,30,Colaptes auratus,Northern Flicker,0.12981233
N_21,20210626_052700,33,36,Colaptes auratus,Northern Flicker,0.106016874
N_21,20210626_053300,24,27,Colaptes auratus,Northern Flicker,0.14468579
N_21,20210629_061600,12,15,Colaptes auratus,Northern Flicker,0.14354949
N_21,20210629_061600,21,24,Colaptes auratus,Northern Flicker,0.118003294
N_21,20210703_050800,15,18,Colaptes auratus,Northern Flicker,0.20696014
N_21,20210703_050800,18,21,Colaptes auratus,Northern Flicker,0.36806434
N_21,20210703_050800,21,24,Colaptes auratus,Northern Flicker,0.36538053
N_21,20210703_050800,24,27,Colaptes auratus,Northern Flicker,0.1982646
N_21,20210703_050800,27,30,Colaptes auratus,Northern Flicker,0.26103935
N_21,20210703_050800,30,33,Colaptes auratus,Northern Flicker,0.25589705
N_22,20210619_055700,48,51,Colaptes auratus,Northern Flicker,0.12449236
N_22,20210619_060100,21,24,Colaptes auratus,Northern Flicker,0.20058891
N_22,20210619_060300,9,12,Colaptes auratus,Northern Flicker,0.103564985
N_22,20210621_055400,0,3,Colaptes auratus,Northern Flicker,0.17902187
N_22,20210621_055400,51,54,Colaptes auratus,Northern Flicker,0.2646745
N_22,20210621_055600,6,9,Colaptes auratus,Northern Flicker,0.41563326
N_22,20210623_064200,48,51,Colaptes auratus,Northern Flicker,0.15338159
N_22,20210623_064300,33,36,Colaptes auratus,Northern Flicker,0.11197299
N_22,20210625_042700,51,54,Colaptes auratus,Northern Flicker,0.107325025
N_22,20210625_050600,0,3,Colaptes auratus,Northern Flicker,0.100234725
N_22,20210626_044800,12,15,Colaptes auratus,Northern Flicker,0.36307523
N_22,20210626_051600,36,39,Colaptes auratus,Northern Flicker,0.112377115
N_22,20210626_051700,27,30,Colaptes auratus,Northern Flicker,0.13764219
N_22,20210626_051700,42,45,Colaptes auratus,Northern Flicker,0.10239908
N_22,20210626_051900,15,18,Colaptes auratus,Northern Flicker,0.13635865
N_22,20210626_052400,15,18,Colaptes auratus,Northern Flicker,0.15530063
N_22,20210626_054100,12,15,Colaptes auratus,Northern Flicker,0.10861447
N_22,20210626_064800,33,36,Colaptes auratus,Northern Flicker,0.15509082
N_22,20210626_065000,12,15,Colaptes auratus,Northern Flicker,0.10733431
N_22,20210626_065100,6,9,Colaptes auratus,Northern Flicker,0.1264572
N_22,20210626_065100,9,12,Colaptes auratus,Northern Flicker,0.10137479
N_22,20210626_065100,12,15,Colaptes auratus,Northern Flicker,0.17045821
N_22,20210627_050800,30,33,Colaptes auratus,Northern Flicker,0.29561567
N_22,20210627_051900,27,30,Colaptes auratus,Northern Flicker,0.20674665
N_22,20210627_052100,12,15,Colaptes auratus,Northern Flicker,0.11822101
N_22,20210627_053100,24,27,Colaptes auratus,Northern Flicker,0.13724783
N_22,20210627_053100,33,36,Colaptes auratus,Northern Flicker,0.118876934
N_22,20210627_053100,42,45,Colaptes auratus,Northern Flicker,0.12313098
N_22,20210627_053600,21,24,Colaptes auratus,Northern Flicker,0.19812821
N_22,20210627_053600,36,39,Colaptes auratus,Northern Flicker,0.14617075
N_22,20210627_053800,3,6,Colaptes auratus,Northern Flicker,0.16251339
N_22,20210627_063000,6,9,Colaptes auratus,Northern Flicker,0.34711346
N_22,20210628_040300,12,15,Colaptes auratus,Northern Flicker,0.11662821
N_22,20210628_040400,21,24,Colaptes auratus,Northern Flicker,0.11427707
N_22,20210628_040400,30,33,Colaptes auratus,Northern Flicker,0.17637265
N_22,20210628_040400,36,39,Colaptes auratus,Northern Flicker,0.1570114
N_22,20210628_040400,42,45,Colaptes auratus,Northern Flicker,0.15424359
N_22,20210628_040400,45,48,Colaptes auratus,Northern Flicker,0.111262515
N_22,20210628_040500,48,51,Colaptes auratus,Northern Flicker,0.11152798
N_22,20210628_040700,3,6,Colaptes auratus,Northern Flicker,0.10110756
N_22,20210628_040700,18,21,Colaptes auratus,Northern Flicker,0.18324645
N_22,20210628_041000,30,33,Colaptes auratus,Northern Flicker,0.10518957
N_22,20210628_055700,39,42,Colaptes auratus,Northern Flicker,0.18207075
N_22,20210628_060100,39,42,Colaptes auratus,Northern Flicker,0.36354995
N_22,20210628_063600,27,30,Colaptes auratus,Northern Flicker,0.10690386
N_22,20210703_054600,51,54,Colaptes auratus,Northern Flicker,0.10865012
N_22,20210704_045500,3,6,Colaptes auratus,Northern Flicker,0.1186556
N_22,20210704_055900,33,36,Colaptes auratus,Northern Flicker,0.22131886
N_22,20210704_055900,45,48,Colaptes auratus,Northern Flicker,0.28056246
N_22,20210704_063200,36,39,Colaptes auratus,Northern Flicker,0.21086076
N_22,20210704_063200,39,42,Colaptes auratus,Northern Flicker,0.20432384
N_22,20210704_063200,42,45,Colaptes auratus,Northern Flicker,0.1676635
N_22,20210704_063400,18,21,Colaptes auratus,Northern Flicker,0.25291395
N_22,20210704_063400,21,24,Colaptes auratus,Northern Flicker,0.13498467
N_22,20210705_055600,27,30,Colaptes auratus,Northern Flicker,0.2709035
N_22,20210705_055600,30,33,Colaptes auratus,Northern Flicker,0.22006434
N_22,20210705_055600,42,45,Colaptes auratus,Northern Flicker,0.12264206
N_22,20210705_055600,45,48,Colaptes auratus,Northern Flicker,0.23770526
N_22,20210705_055600,48,51,Colaptes auratus,Northern Flicker,0.19751665
N_22,20210707_043400,9,12,Colaptes auratus,Northern Flicker,0.18160744
N_22,20210707_044500,6,9,Colaptes auratus,Northern Flicker,0.13070376
N_22,20210707_050100,39,42,Colaptes auratus,Northern Flicker,0.15030839
N_22,20210707_051900,3,6,Colaptes auratus,Northern Flicker,0.13639581
N_22,20210707_053100,27,30,Colaptes auratus,Northern Flicker,0.14657608
N_22,20210707_053100,48,51,Colaptes auratus,Northern Flicker,0.107234485
N_22,20210707_054800,18,21,Colaptes auratus,Northern Flicker,0.12976587
N_22,20210707_063700,6,9,Colaptes auratus,Northern Flicker,0.12051714
N_22,20210707_064000,45,48,Colaptes auratus,Northern Flicker,0.10994473
N_22,20210708_053200,9,12,Colaptes auratus,Northern Flicker,0.1521974
N_22,20210708_053200,42,45,Colaptes auratus,Northern Flicker,0.13189311
N_22,20210708_053200,45,48,Colaptes auratus,Northern Flicker,0.45137614
N_22,20210708_053300,12,15,Colaptes auratus,Northern Flicker,0.3572851
N_22,20210708_054000,15,18,Colaptes auratus,Northern Flicker,0.16617882
N_22,20210708_054400,30,33,Colaptes auratus,Northern Flicker,0.11669735
N_25,20210520_045000,57,60,Colaptes auratus,Northern Flicker,0.13763037
